model_id,auc,logloss,aucpr,mean_per_class_error,rmse,mse
DeepLearning_grid_1_AutoML_1_20250818_202836_model_19,1.0,0.1404274457192025,1.0,0.0,0.1633850650518935,0.0266946794820114
DeepLearning_grid_2_AutoML_1_20250818_202836_model_2,1.0,0.0789036453268823,1.0,0.0,0.1415098505238212,0.0200250377952742
GBM_grid_1_AutoML_1_20250818_202836_model_22,1.0,0.0266393417848654,1.0,0.0,0.0990588455665589,0.0098126548849793
DeepLearning_grid_1_AutoML_1_20250818_202836_model_32,1.0,0.0321733911584746,1.0,0.0,0.0994631467210004,0.0098929175556432
GBM_2_AutoML_1_20250818_202836,1.0,0.0299585898036752,1.0,0.0,0.1065076275193073,0.0113438747197915
DeepLearning_grid_1_AutoML_1_20250818_202836_model_42,1.0,0.0624687474876687,1.0,0.0,0.146033159729196,0.0213256837404928
DeepLearning_grid_1_AutoML_1_20250818_202836_model_30,1.0,0.6421504544541305,1.0,0.0,0.4985840601153857,0.2485860650011425
DeepLearning_grid_1_AutoML_1_20250818_202836_model_25,1.0,0.2085387022217117,1.0,0.0,0.2160756450133351,0.0466886843679288
XGBoost_grid_1_AutoML_1_20250818_202836_model_77,1.0,0.1461106038097582,1.0,0.0,0.1393179195008516,0.0194094826940457
DeepLearning_grid_1_AutoML_1_20250818_202836_model_6,1.0,0.1343008838910543,1.0,0.0,0.1557599571701628,0.0242611642576509
XGBoost_grid_1_AutoML_1_20250818_202836_model_109,1.0,0.1274733404636828,1.0,0.0,0.1267314499398943,0.0160608604038679
GBM_grid_1_AutoML_1_20250818_202836_model_35,1.0,0.0157492456327047,1.0,0.0,0.0678173085852408,0.0045991873437457
XGBoost_grid_1_AutoML_1_20250818_202836_model_113,1.0,0.1192122031502058,1.0,0.0,0.1304117550247218,0.017007225848628
GBM_grid_1_AutoML_1_20250818_202836_model_89,1.0,0.0050392438157839,1.0,0.0,0.0252470997313342,0.0006374160448439385
StackedEnsemble_BestOfFamily_2_AutoML_1_20250818_202836,1.0,0.0313970638469815,1.0,0.0,0.0932013387002975,0.0086864895355275
StackedEnsemble_AllModels_3_AutoML_1_20250818_202836,1.0,0.0239979962570361,1.0,0.0,0.075441789163005,0.0056914635521153
DeepLearning_grid_3_AutoML_1_20250818_202836_model_12,1.0,0.2405281679500111,1.0,0.0,0.2457893905874407,0.0604124245253455
GBM_grid_1_AutoML_1_20250818_202836_model_66,1.0,0.0089415140885465,1.0,0.0,0.0420930943562826,0.0017718285924869
XGBoost_grid_1_AutoML_1_20250818_202836_model_32,1.0,0.1281492921453635,1.0,0.0,0.1468573334836764,0.0215670763979357
DeepLearning_grid_3_AutoML_1_20250818_202836_model_5,1.0,0.1299574652937943,1.0,0.0,0.2099079557249159,0.0440613498766132
DeepLearning_grid_1_AutoML_1_20250818_202836_model_22,1.0,0.1817666648205347,1.0,0.0,0.197050562664316,0.0388289242463235
GBM_grid_1_AutoML_1_20250818_202836_model_12,1.0,0.0202661170536577,1.0,0.0,0.0821372132688606,0.0067465218035743
DeepLearning_grid_1_AutoML_1_20250818_202836_model_41,1.0,0.1803628613513994,1.0,0.0,0.2269813279953405,0.0515205232585283
DeepLearning_grid_1_AutoML_1_20250818_202836_model_10,1.0,0.0978483357887256,1.0,0.0,0.1384736371396543,0.0191749481826846
XGBoost_grid_1_AutoML_1_20250818_202836_model_102,1.0,0.1421340976792227,1.0,0.0,0.149599722637094,0.0223800770130954
GBM_grid_1_AutoML_1_20250818_202836_model_74,1.0,0.0084287570247035,1.0,0.0,0.0401955717534568,0.0016156839885872
DeepLearning_grid_3_AutoML_1_20250818_202836_model_9,1.0,0.312896383682498,1.0,0.0,0.2897050456734007,0.0839290134886271
GBM_grid_1_AutoML_1_20250818_202836_model_10,1.0,0.0202333763701789,1.0,0.0,0.0795522136866349,0.006328554702444
GBM_grid_1_AutoML_1_20250818_202836_model_3,1.0,0.0014049098516047,1.0,0.0,0.0074063815651214,5.485448788817048e-05
GBM_grid_1_AutoML_1_20250818_202836_model_18,1.0,0.0012797502950627,1.0,0.0,0.0067643659336189,4.575664648390491e-05
GBM_grid_1_AutoML_1_20250818_202836_model_42,1.0,0.0306185913506523,1.0,0.0,0.1034522651744597,0.0107023711697267
XGBoost_grid_1_AutoML_1_20250818_202836_model_5,1.0,0.1483418319960857,1.0,0.0,0.1416103139254158,0.0200534810100548
GBM_grid_1_AutoML_1_20250818_202836_model_13,1.0,0.0121281332099614,1.0,0.0,0.0549977507296709,0.003024752585323
XGBoost_grid_1_AutoML_1_20250818_202836_model_8,1.0,0.1612749470901635,1.0,0.0,0.1570567842576777,0.0246668334813627
XGBoost_grid_1_AutoML_1_20250818_202836_model_85,1.0,0.1106934428010031,1.0,0.0,0.1135083226567942,0.0128841393123589
DeepLearning_grid_1_AutoML_1_20250818_202836_model_4,1.0,0.5779101797200695,1.0,0.0,0.4368092283153382,0.1908023019414413
DeepLearning_grid_1_AutoML_1_20250818_202836_model_17,1.0,0.5113070895271898,1.0,0.0,0.431653753881961,0.1863249632403886
GBM_grid_1_AutoML_1_20250818_202836_model_15,1.0,0.0190315151753305,1.0,0.0,0.0786738782566567,0.0061895791199432
DeepLearning_grid_1_AutoML_1_20250818_202836_model_34,1.0,0.1671832883315517,1.0,0.0,0.2233207294251171,0.0498721481909663
GBM_3_AutoML_1_20250818_202836,1.0,0.0162988446603631,1.0,0.0,0.0698487295793569,0.0048788450238501
DeepLearning_grid_1_AutoML_1_20250818_202836_model_24,1.0,0.0856604278324169,1.0,0.0,0.121750132050414,0.0148230946542932
GBM_grid_1_AutoML_1_20250818_202836_model_37,1.0,0.0173216829518595,1.0,0.0,0.0721941819967911,0.0052119999141858
DeepLearning_grid_2_AutoML_1_20250818_202836_model_10,1.0,0.1703904997955232,1.0,0.0,0.2372766837687318,0.0563002246602867
DeepLearning_grid_1_AutoML_1_20250818_202836_model_43,1.0,0.2868733004714339,1.0,0.0,0.2663176240671088,0.0709250768887499
DeepLearning_grid_1_AutoML_1_20250818_202836_model_44,1.0,1.2326272487790113,1.0,0.0,0.6438625144425744,0.4145589375043142
XGBoost_grid_1_AutoML_1_20250818_202836_model_166,1.0,0.1633274205887223,1.0,0.0,0.1627685992187868,0.026493616891646
GBM_grid_1_AutoML_1_20250818_202836_model_33,1.0,0.0617371605112537,1.0,0.0,0.1485499967153778,0.0220671015241387
DeepLearning_grid_1_AutoML_1_20250818_202836_model_31,1.0,0.033328294610386,1.0,0.0,0.1149903658617341,0.0132227842410154
XGBoost_grid_1_AutoML_1_20250818_202836_model_107,1.0,0.1391681888233192,1.0,0.0,0.1476939910121674,0.0218135149811021
XGBoost_grid_1_AutoML_1_20250818_202836_model_43,1.0,0.144322382368531,1.0,0.0,0.1410739294075376,0.0199018535584829
GBM_grid_1_AutoML_1_20250818_202836_model_41,1.0,0.0102208643664933,1.0,0.0,0.0475642173812788,0.0022623547750935
DeepLearning_grid_1_AutoML_1_20250818_202836_model_16,1.0,0.0348692926663454,1.0,0.0,0.1033168442588116,0.0106743703075995
StackedEnsemble_AllModels_1_AutoML_1_20250818_202836,1.0,0.0363164687634514,1.0,0.0,0.1010361364856503,0.0102083008759469
GBM_4_AutoML_1_20250818_202836,1.0,0.0371162400752465,1.0,0.0,0.1206450077603038,0.0145552178974837
DeepLearning_grid_2_AutoML_1_20250818_202836_model_3,1.0,0.0862141789523734,1.0,0.0,0.1649494741400388,0.0272083290190753
DeepLearning_grid_1_AutoML_1_20250818_202836_model_35,1.0,0.1716261776984665,1.0,0.0,0.2579459444727458,0.0665361102699368
GBM_grid_1_AutoML_1_20250818_202836_model_23,1.0,0.0048380947883735,1.0,0.0,0.024086358962103,0.0005801526880512841
XGBoost_grid_1_AutoML_1_20250818_202836_model_99,1.0,0.1169717432385519,1.0,0.0,0.1229571426122091,0.0151184589193591
GBM_grid_1_AutoML_1_20250818_202836_model_32,1.0,0.0110320073435437,1.0,0.0,0.0506552044433384,0.0025659497371964
DeepLearning_grid_3_AutoML_1_20250818_202836_model_4,1.0,0.1046589454902157,1.0,0.0,0.1814937645759162,0.0329399865799381
GBM_grid_1_AutoML_1_20250818_202836_model_93,1.0,0.0349989003848823,1.0,0.0,0.1132694188637816,0.0128299612497388
GBM_grid_1_AutoML_1_20250818_202836_model_94,1.0,0.0196567986923409,1.0,0.0,0.0777314284766842,0.0060421749730258
DeepLearning_grid_1_AutoML_1_20250818_202836_model_28,1.0,0.0616355532104866,1.0,0.0,0.1305251358272038,0.01703681108271
DeepLearning_grid_1_AutoML_1_20250818_202836_model_7,1.0,0.3429058817148621,1.0,0.0,0.3184503487326755,0.1014106246079626
DeepLearning_grid_1_AutoML_1_20250818_202836_model_33,1.0,0.0298984150856031,1.0,0.0,0.0758167930467218,0.0057481861078894
StackedEnsemble_BestOfFamily_3_AutoML_1_20250818_202836,1.0,0.0363097048583726,1.0,0.0,0.1036827425498881,0.0107501111026663
GBM_grid_1_AutoML_1_20250818_202836_model_88,1.0,0.007486123626088,1.0,0.0,0.0337318620498173,0.0011378385173479
DeepLearning_grid_1_AutoML_1_20250818_202836_model_23,1.0,0.5249341490123622,1.0,0.0,0.4411360809795355,0.1946010419419833
DeepLearning_grid_1_AutoML_1_20250818_202836_model_27,1.0,0.0621673364792651,1.0,0.0,0.1341329127288283,0.0179916382771194
DeepLearning_grid_1_AutoML_1_20250818_202836_model_12,1.0,0.0679103464471911,1.0,0.0,0.1386831213213468,0.0192330081394314
DeepLearning_grid_1_AutoML_1_20250818_202836_model_18,1.0,0.0092401619575725,1.0,0.0,0.0345907247722561,0.0011965182402699
DeepLearning_grid_2_AutoML_1_20250818_202836_model_11,1.0,0.0879299928577581,1.0,0.0,0.1659833070677474,0.0275504582251461
XRT_1_AutoML_1_20250818_202836,1.0,0.0176146766815858,1.0,0.0,0.0742781352708207,0.0055172413793103
GBM_grid_1_AutoML_1_20250818_202836_model_96,1.0,0.0152722881765397,1.0,0.0,0.0661755218881451,0.0043791996971683
DeepLearning_grid_3_AutoML_1_20250818_202836_model_1,1.0,0.0995679142501274,1.0,0.0,0.168574604113103,0.0284173971518894
GBM_grid_1_AutoML_1_20250818_202836_model_9,1.0,0.0371162400752465,1.0,0.0,0.1206450077603038,0.0145552178974837
GBM_grid_1_AutoML_1_20250818_202836_model_46,1.0,0.0206062964976152,1.0,0.0,0.0833960424391723,0.0069548998945162
GBM_grid_1_AutoML_1_20250818_202836_model_1,1.0,0.0291045152921939,1.0,0.0,0.1050561760267438,0.0110368001213621
XGBoost_grid_1_AutoML_1_20250818_202836_model_182,1.0,0.1555853516552141,1.0,0.0,0.1727163943662206,0.0298309528828678
DeepLearning_grid_1_AutoML_1_20250818_202836_model_8,1.0,0.5950975499221477,1.0,0.0,0.4772016182729835,0.2277213844823543
DeepLearning_1_AutoML_1_20250818_202836,1.0,0.2498943839012117,1.0,0.0,0.2672888117234741,0.0714433088725467
XGBoost_grid_1_AutoML_1_20250818_202836_model_35,1.0,0.1924623050684294,1.0,0.0,0.1845140617168264,0.0340454389712408
DeepLearning_grid_1_AutoML_1_20250818_202836_model_14,1.0,0.1475167547556146,1.0,0.0,0.193458792119661,0.0374263042483982
XGBoost_grid_1_AutoML_1_20250818_202836_model_11,1.0,0.1712946077001866,1.0,0.0,0.1638379284069576,0.0268428667846833
DeepLearning_grid_1_AutoML_1_20250818_202836_model_38,1.0,0.0113307527694781,1.0,0.0,0.0519913811027228,0.0027031037089685
DeepLearning_grid_1_AutoML_1_20250818_202836_model_3,1.0,0.0581193094638163,1.0,0.0,0.1408512437529245,0.0198390728667457
GBM_grid_1_AutoML_1_20250818_202836_model_8,1.0,0.0162988446603631,1.0,0.0,0.0698487295793569,0.0048788450238501
XGBoost_grid_1_AutoML_1_20250818_202836_model_140,1.0,0.1312754577259718,1.0,0.0,0.1442453174353387,0.0208067116020216
DeepLearning_grid_1_AutoML_1_20250818_202836_model_9,1.0,0.0058571690657325,1.0,0.0,0.0288425995807479,0.0008318955505753632
DeepLearning_grid_3_AutoML_1_20250818_202836_model_10,1.0,0.1401454683208595,1.0,0.0,0.1975746093915773,0.0390357262762343
XGBoost_grid_1_AutoML_1_20250818_202836_model_106,1.0,0.1240265069435468,1.0,0.0,0.1207238466048514,0.0145742471390717
GBM_grid_1_AutoML_1_20250818_202836_model_2,1.0,0.002204683720975,1.0,0.0,0.0114815265822865,0.00013182545265975272
XGBoost_grid_1_AutoML_1_20250818_202836_model_145,1.0,0.1127779127593258,1.0,0.0,0.1146758133525591,0.0131505421680709
XGBoost_grid_1_AutoML_1_20250818_202836_model_157,1.0,0.1288131540201711,1.0,0.0,0.1499572736154676,0.0224871839101842
DeepLearning_grid_1_AutoML_1_20250818_202836_model_21,1.0,0.0812893358774633,1.0,0.0,0.1213390845096192,0.0147231734296325
XGBoost_grid_1_AutoML_1_20250818_202836_model_56,1.0,0.1588360271636854,1.0,0.0,0.1619307712992917,0.0262215746935835
GBM_grid_1_AutoML_1_20250818_202836_model_45,1.0,0.0042890685783165,1.0,0.0,0.0217118068213681,0.0004714025554484082
GBM_grid_1_AutoML_1_20250818_202836_model_21,1.0,0.0148610344716504,1.0,0.0,0.0648495423367708,0.0042054631412886
XGBoost_grid_1_AutoML_1_20250818_202836_model_95,1.0,0.1726652946206284,1.0,0.0,0.1684366948336434,0.0283709201664819
XGBoost_grid_1_AutoML_1_20250818_202836_model_133,1.0,0.1414222781363422,1.0,0.0,0.1640155928319642,0.0269011146920206
XGBoost_grid_1_AutoML_1_20250818_202836_model_66,1.0,0.1800323816670304,1.0,0.0,0.171145554327122,0.0292908007659378
DeepLearning_grid_1_AutoML_1_20250818_202836_model_15,1.0,0.1281349458520554,1.0,0.0,0.1920540376328826,0.0368847533710927
DeepLearning_grid_2_AutoML_1_20250818_202836_model_13,1.0,0.2639594224025188,1.0,0.0,0.2579335645410909,0.0665297237168731
GBM_grid_1_AutoML_1_20250818_202836_model_70,1.0,0.0377017844968082,1.0,0.0,0.1234189902512984,0.01523224715465
XGBoost_grid_1_AutoML_1_20250818_202836_model_69,1.0,0.0994468869069175,1.0,0.0,0.0980893983191542,0.0096215300626137
DRF_1_AutoML_1_20250818_202836,1.0,0.0206150689915731,1.0,0.0,0.0835629021796733,0.0069827586206896
XGBoost_grid_1_AutoML_1_20250818_202836_model_156,1.0,0.1606074594312996,1.0,0.0,0.1529094884816119,0.0233813116677082
XGBoost_grid_1_AutoML_1_20250818_202836_model_160,1.0,0.1279869096680933,1.0,0.0,0.1301368961210716,0.0169356117320265
GBM_grid_1_AutoML_1_20250818_202836_model_78,1.0,0.0333545990703117,1.0,0.0,0.1096738381418158,0.0120283507727572
GBM_grid_1_AutoML_1_20250818_202836_model_76,1.0,0.0428401019135682,1.0,0.0,0.1295993827202335,0.0167960000014655
XGBoost_grid_1_AutoML_1_20250818_202836_model_175,1.0,0.1465859098281888,1.0,0.0,0.1572097460324335,0.0247149042475822
XGBoost_grid_1_AutoML_1_20250818_202836_model_74,1.0,0.139788567232403,1.0,0.0,0.1607406818747243,0.0258375668095513
XGBoost_grid_1_AutoML_1_20250818_202836_model_132,1.0,0.1073687991304083,1.0,0.0,0.1070524011464879,0.0114602165912285
GBM_grid_1_AutoML_1_20250818_202836_model_87,1.0,0.021198767302982,1.0,0.0,0.0842642786888746,0.0071004686629563
StackedEnsemble_AllModels_2_AutoML_1_20250818_202836,1.0,0.0281270187185774,1.0,0.0,0.0859337184499083,0.0073846039666281
DeepLearning_grid_1_AutoML_1_20250818_202836_model_11,1.0,0.0557294276258021,1.0,0.0,0.1287318674361573,0.0165718936936003
GBM_5_AutoML_1_20250818_202836,1.0,0.0004757699790391217,1.0,0.0,0.0025444988193377,6.474474241611151e-06
GBM_grid_1_AutoML_1_20250818_202836_model_17,1.0,0.005419540121471,1.0,0.0,0.0266509566954023,0.0007102734927802089
DeepLearning_grid_1_AutoML_1_20250818_202836_model_40,1.0,0.2550754423683718,1.0,0.0,0.2793154063492283,0.0780170962240345
GBM_grid_1_AutoML_1_20250818_202836_model_44,1.0,0.0067666012372718,1.0,0.0,0.0327484993092961,0.0010724642070109
XGBoost_grid_1_AutoML_1_20250818_202836_model_34,1.0,0.0865332189812201,1.0,0.0,0.086233892420003,0.0074362842019046
DeepLearning_grid_1_AutoML_1_20250818_202836_model_45,1.0,0.0905627890816323,1.0,0.0,0.1675518095976585,0.02807360889945
DeepLearning_grid_1_AutoML_1_20250818_202836_model_20,1.0,0.108912722899758,1.0,0.0,0.1982205670782256,0.0392913932128133
DeepLearning_grid_1_AutoML_1_20250818_202836_model_2,1.0,0.0476938700878809,1.0,0.0,0.119938690225354,0.0143852894129734
XGBoost_grid_1_AutoML_1_20250818_202836_model_47,1.0,0.1396194210934496,1.0,0.0,0.1486856806609347,0.0221074316336054
XGBoost_grid_1_AutoML_1_20250818_202836_model_115,1.0,0.1136280250789347,1.0,0.0,0.1103454950850339,0.0121761282855612
GBM_grid_1_AutoML_1_20250818_202836_model_58,1.0,0.0570883255060959,1.0,0.0,0.1458971291723436,0.0212859723007315
DeepLearning_grid_1_AutoML_1_20250818_202836_model_36,1.0,0.0475806963733275,1.0,0.0,0.1062333809738107,0.0112855312331268
XGBoost_grid_1_AutoML_1_20250818_202836_model_94,1.0,0.1902046685663288,1.0,0.0,0.1803932792820773,0.0325417352101415
XGBoost_grid_1_AutoML_1_20250818_202836_model_177,1.0,0.1275995924469039,1.0,0.0,0.1332396978945514,0.0177528170950313
GBM_grid_1_AutoML_1_20250818_202836_model_40,1.0,0.0127751223967546,1.0,0.0,0.0553584560873923,0.0030645586603797
GBM_grid_1_AutoML_1_20250818_202836_model_47,1.0,0.0322018087634133,1.0,0.0,0.1094321876646942,0.0119754036970808
XGBoost_grid_1_AutoML_1_20250818_202836_model_186,1.0,0.1739873767762544,1.0,0.0,0.1793130423146605,0.0321531671441392
StackedEnsemble_BestOfFamily_4_AutoML_1_20250818_202836,1.0,0.0336262916349265,1.0,0.0,0.099742368854328,0.0099485401446728
StackedEnsemble_AllModels_4_AutoML_1_20250818_202836,1.0,0.0316507675133346,1.0,0.0,0.0910248925197628,0.0082855310582343
GBM_grid_1_AutoML_1_20250818_202836_model_53,1.0,0.0389114762620121,1.0,0.0,0.1228553088984773,0.0150934269245402
XGBoost_grid_1_AutoML_1_20250818_202836_model_187,1.0,0.1454289666575789,1.0,0.0,0.1422499596627312,0.0202350510240486
XGBoost_grid_1_AutoML_1_20250818_202836_model_122,1.0,0.1258855937576148,1.0,0.0,0.1226412493100983,0.0150408760323416
DeepLearning_grid_2_AutoML_1_20250818_202836_model_9,1.0,0.3321321836180882,1.0,0.0,0.3265915351667905,0.1066620308426009
DeepLearning_grid_1_AutoML_1_20250818_202836_model_29,1.0,0.2348227250973687,1.0,0.0,0.258164851360409,0.066649090477942
GBM_grid_1_AutoML_1_20250818_202836_model_7,1.0,0.0299585898036752,1.0,0.0,0.1065076275193073,0.0113438747197915
DeepLearning_grid_1_AutoML_1_20250818_202836_model_39,1.0,0.0514623802986693,1.0,0.0,0.0959666980688064,0.0092096071382294
XGBoost_grid_1_AutoML_1_20250818_202836_model_48,1.0,0.1389180183417084,1.0,0.0,0.1464556565790122,0.0214492593439895
GBM_grid_1_AutoML_1_20250818_202836_model_63,1.0,0.0163549725143753,1.0,0.0,0.0696993113514306,0.0048579940028636
DeepLearning_grid_1_AutoML_1_20250818_202836_model_26,1.0,0.0498063093307345,1.0,0.0,0.1103244384794919,0.0121714817258151
GLM_1_AutoML_1_20250818_202836,1.0,0.0552351198313447,1.0,0.0,0.1051842197265139,0.0110637200794755
XGBoost_grid_1_AutoML_1_20250818_202836_model_86,1.0,0.1244174095415519,1.0,0.0,0.1226476694922778,0.015042450831887
GBM_grid_1_AutoML_1_20250818_202836_model_86,1.0,0.0355949542881966,1.0,0.0,0.1193980074625045,0.0142558841860162
DeepLearning_grid_2_AutoML_1_20250818_202836_model_4,0.9952380952380953,0.1243276755366608,0.995697431924162,0.0357142857142857,0.192093645952018,0.0368999688151392
StackedEnsemble_BestOfFamily_1_AutoML_1_20250818_202836,0.9952380952380953,0.0963017952673209,0.995697431924162,0.0357142857142857,0.1656975851645162,0.0274556897293521
DeepLearning_grid_3_AutoML_1_20250818_202836_model_3,0.9952380952380953,0.2965939996154778,0.995697431924162,0.0357142857142857,0.2714690393985353,0.0736954393519635
DeepLearning_grid_1_AutoML_1_20250818_202836_model_5,0.9952380952380953,0.0782083381524855,0.995697431924162,0.0357142857142857,0.153972549532668,0.0237075460095899
DeepLearning_grid_3_AutoML_1_20250818_202836_model_11,0.9904761904761904,0.4013945340388515,0.991916717091142,0.0333333333333333,0.3699418658594138,0.1368569841155445
DeepLearning_grid_2_AutoML_1_20250818_202836_model_12,0.9904761904761904,0.1920721111947602,0.991916717091142,0.0333333333333333,0.2185279555684938,0.0477544673649456
DeepLearning_grid_2_AutoML_1_20250818_202836_model_6,0.9857142857142858,0.2895434143566477,0.9861573756814505,0.0357142857142857,0.2950838852953423,0.0870744993609947
DeepLearning_grid_2_AutoML_1_20250818_202836_model_5,0.9761904761904762,0.2186806607370441,0.9809825495621296,0.069047619047619,0.2643567484915002,0.0698844904729982
DeepLearning_grid_2_AutoML_1_20250818_202836_model_7,0.9761904761904762,0.2776800255074115,0.9799631810803342,0.0666666666666666,0.2791198510826921,0.0779078912684242
DeepLearning_grid_2_AutoML_1_20250818_202836_model_1,0.961904761904762,0.2823673836167161,0.9718787981805512,0.0666666666666666,0.2807725737061075,0.0788332381455515
DeepLearning_grid_2_AutoML_1_20250818_202836_model_8,0.9571428571428572,0.3002433946502137,0.9584307099880676,0.0714285714285714,0.322433216296292,0.1039631789711714
DeepLearning_grid_3_AutoML_1_20250818_202836_model_7,0.9571428571428572,0.3322335368808796,0.9687506031276718,0.069047619047619,0.3123951021866878,0.0975906998702311
DeepLearning_grid_1_AutoML_1_20250818_202836_model_1,0.938095238095238,0.3071357111730109,0.943704676456078,0.1428571428571428,0.3210283795095093,0.1030592204505015
DeepLearning_grid_1_AutoML_1_20250818_202836_model_13,0.9142857142857144,0.5644689961729168,0.9185512306448472,0.1428571428571428,0.4367165897543982,0.1907213797667113
DeepLearning_grid_3_AutoML_1_20250818_202836_model_8,0.9,0.4130878310881463,0.9032127115003732,0.1428571428571428,0.3861244868925401,0.1490921193780274
DeepLearning_grid_1_AutoML_1_20250818_202836_model_37,0.8571428571428571,2.046250138424722,0.8976624233881183,0.1357142857142857,0.6846232270769044,0.4687089630531946
DeepLearning_grid_3_AutoML_1_20250818_202836_model_2,0.8238095238095238,0.7813821275918341,0.8682978880788285,0.2404761904761904,0.4545868260291676,0.2066491823992727
DeepLearning_grid_3_AutoML_1_20250818_202836_model_6,0.7476190476190476,0.8390327987737946,0.7942380957179787,0.2428571428571428,0.5143170969307665,0.2645220761952915
XGBoost_grid_1_AutoML_1_20250818_202836_model_134,0.5714285714285714,0.6635885167951708,0.6516624756209153,0.4285714285714285,0.4855564800902042,0.2357650953575889
XGBoost_grid_1_AutoML_1_20250818_202836_model_53,0.5714285714285714,0.6634921068568429,0.6516624756209153,0.4285714285714285,0.4855051940584757,0.2357152934577581
XGBoost_grid_1_AutoML_1_20250818_202836_model_151,0.5714285714285714,0.6634921068568429,0.6516624756209153,0.4285714285714285,0.4855051940584757,0.2357152934577581
XGBoost_grid_1_AutoML_1_20250818_202836_model_131,0.5714285714285714,0.6730774902613712,0.6516624756209153,0.4285714285714285,0.4900999518862084,0.2401979628388638
XGBoost_grid_1_AutoML_1_20250818_202836_model_116,0.5142857142857143,0.6942411290700753,0.4947112339623777,0.4285714285714285,0.5005261914739486,0.2505264683514159
XGBoost_grid_1_AutoML_1_20250818_202836_model_114,0.5142857142857143,0.6942390631880737,0.4947112339623777,0.4285714285714285,0.5005251734094189,0.2505254492165289
XGBoost_grid_1_AutoML_1_20250818_202836_model_97,0.5142857142857143,0.6941055442891195,0.4947112339623777,0.4285714285714285,0.5004629678323226,0.2504631821715363
XGBoost_grid_1_AutoML_1_20250818_202836_model_178,0.5,0.6931471805599452,0.5172413793103449,0.5,0.5,0.25
XGBoost_grid_1_AutoML_1_20250818_202836_model_130,0.5,0.6931471805599452,0.5172413793103449,0.5,0.5,0.25
XGBoost_grid_1_AutoML_1_20250818_202836_model_87,0.5,0.6931471805599452,0.5172413793103449,0.5,0.5,0.25
XGBoost_grid_1_AutoML_1_20250818_202836_model_63,0.5,0.6931471805599452,0.5172413793103449,0.5,0.5,0.25
XGBoost_grid_1_AutoML_1_20250818_202836_model_64,0.5,0.6931471805599452,0.5172413793103449,0.5,0.5,0.25
XGBoost_grid_1_AutoML_1_20250818_202836_model_7,0.5,0.6931471805599452,0.5172413793103449,0.5,0.5,0.25
XGBoost_grid_1_AutoML_1_20250818_202836_model_37,0.5,0.6931471805599452,0.5172413793103449,0.5,0.5,0.25
XGBoost_grid_1_AutoML_1_20250818_202836_model_120,0.5,0.6931471805599452,0.5172413793103449,0.5,0.5,0.25
XGBoost_grid_1_AutoML_1_20250818_202836_model_184,0.5,0.6931471805599452,0.5172413793103449,0.5,0.5,0.25
XGBoost_grid_1_AutoML_1_20250818_202836_model_30,0.5,0.6931471805599452,0.5172413793103449,0.5,0.5,0.25
XGBoost_grid_1_AutoML_1_20250818_202836_model_65,0.5,0.6931471805599452,0.5172413793103449,0.5,0.5,0.25
XGBoost_2_AutoML_1_20250818_202836,0.5,0.6931471805599452,0.5172413793103449,0.5,0.5,0.25
XGBoost_grid_1_AutoML_1_20250818_202836_model_45,0.5,0.6931471805599452,0.5172413793103449,0.5,0.5,0.25
XGBoost_grid_1_AutoML_1_20250818_202836_model_147,0.5,0.6931471805599452,0.5172413793103449,0.5,0.5,0.25
XGBoost_grid_1_AutoML_1_20250818_202836_model_44,0.5,0.6931471805599452,0.5172413793103449,0.5,0.5,0.25
XGBoost_grid_1_AutoML_1_20250818_202836_model_52,0.5,0.6931471805599452,0.5172413793103449,0.5,0.5,0.25
XGBoost_grid_1_AutoML_1_20250818_202836_model_40,0.5,0.6931471805599452,0.5172413793103449,0.5,0.5,0.25
XGBoost_grid_1_AutoML_1_20250818_202836_model_18,0.5,0.6931471805599452,0.5172413793103449,0.5,0.5,0.25
XGBoost_grid_1_AutoML_1_20250818_202836_model_78,0.5,0.6931471805599452,0.5172413793103449,0.5,0.5,0.25
XGBoost_grid_1_AutoML_1_20250818_202836_model_80,0.5,0.6931471805599452,0.5172413793103449,0.5,0.5,0.25
XGBoost_1_AutoML_1_20250818_202836,0.5,0.6931471805599452,0.5172413793103449,0.5,0.5,0.25
XGBoost_grid_1_AutoML_1_20250818_202836_model_123,0.5,0.6931471805599452,0.5172413793103449,0.5,0.5,0.25
XGBoost_grid_1_AutoML_1_20250818_202836_model_57,0.5,0.6931471805599452,0.5172413793103449,0.5,0.5,0.25
XGBoost_grid_1_AutoML_1_20250818_202836_model_19,0.5,0.6931471805599452,0.5172413793103449,0.5,0.5,0.25
XGBoost_grid_1_AutoML_1_20250818_202836_model_137,0.5,0.6931471805599452,0.5172413793103449,0.5,0.5,0.25
XGBoost_grid_1_AutoML_1_20250818_202836_model_90,0.5,0.6931471805599452,0.5172413793103449,0.5,0.5,0.25
XGBoost_grid_1_AutoML_1_20250818_202836_model_60,0.5,0.6931471805599452,0.5172413793103449,0.5,0.5,0.25
XGBoost_grid_1_AutoML_1_20250818_202836_model_72,0.5,0.6931471805599452,0.5172413793103449,0.5,0.5,0.25
XGBoost_grid_1_AutoML_1_20250818_202836_model_3,0.5,0.6931471805599452,0.5172413793103449,0.5,0.5,0.25
XGBoost_grid_1_AutoML_1_20250818_202836_model_128,0.5,0.6931471805599452,0.5172413793103449,0.5,0.5,0.25
XGBoost_grid_1_AutoML_1_20250818_202836_model_89,0.5,0.6931471805599452,0.5172413793103449,0.5,0.5,0.25
XGBoost_grid_1_AutoML_1_20250818_202836_model_155,0.5,0.6931471805599452,0.5172413793103449,0.5,0.5,0.25
XGBoost_grid_1_AutoML_1_20250818_202836_model_169,0.5,0.6931471805599452,0.5172413793103449,0.5,0.5,0.25
XGBoost_grid_1_AutoML_1_20250818_202836_model_159,0.5,0.6931471805599452,0.5172413793103449,0.5,0.5,0.25
XGBoost_grid_1_AutoML_1_20250818_202836_model_104,0.5,0.6931471805599452,0.5172413793103449,0.5,0.5,0.25
XGBoost_grid_1_AutoML_1_20250818_202836_model_42,0.5,0.6931471805599452,0.5172413793103449,0.5,0.5,0.25
XGBoost_grid_1_AutoML_1_20250818_202836_model_33,0.5,0.6931471805599452,0.5172413793103449,0.5,0.5,0.25
XGBoost_grid_1_AutoML_1_20250818_202836_model_46,0.5,0.6931471805599452,0.5172413793103449,0.5,0.5,0.25
XGBoost_grid_1_AutoML_1_20250818_202836_model_101,0.5,0.6931471805599452,0.5172413793103449,0.5,0.5,0.25
XGBoost_grid_1_AutoML_1_20250818_202836_model_31,0.5,0.6931471805599452,0.5172413793103449,0.5,0.5,0.25
XGBoost_grid_1_AutoML_1_20250818_202836_model_55,0.5,0.6931471805599452,0.5172413793103449,0.5,0.5,0.25
XGBoost_grid_1_AutoML_1_20250818_202836_model_50,0.5,0.6931471805599452,0.5172413793103449,0.5,0.5,0.25
XGBoost_grid_1_AutoML_1_20250818_202836_model_21,0.5,0.6931471805599452,0.5172413793103449,0.5,0.5,0.25
XGBoost_grid_1_AutoML_1_20250818_202836_model_82,0.5,0.6931471805599452,0.5172413793103449,0.5,0.5,0.25
XGBoost_grid_1_AutoML_1_20250818_202836_model_188,0.5,0.6931471805599452,0.5172413793103449,0.5,0.5,0.25
XGBoost_grid_1_AutoML_1_20250818_202836_model_135,0.5,0.6931471805599452,0.5172413793103449,0.5,0.5,0.25
XGBoost_grid_1_AutoML_1_20250818_202836_model_149,0.5,0.6931471805599452,0.5172413793103449,0.5,0.5,0.25
XGBoost_grid_1_AutoML_1_20250818_202836_model_96,0.5,0.6931471805599452,0.5172413793103449,0.5,0.5,0.25
XGBoost_grid_1_AutoML_1_20250818_202836_model_92,0.5,0.6931471805599452,0.5172413793103449,0.5,0.5,0.25
XGBoost_grid_1_AutoML_1_20250818_202836_model_189,0.5,0.6931471805599452,0.5172413793103449,0.5,0.5,0.25
XGBoost_grid_1_AutoML_1_20250818_202836_model_93,0.5,0.6931471805599452,0.5172413793103449,0.5,0.5,0.25
XGBoost_grid_1_AutoML_1_20250818_202836_model_124,0.5,0.6931471805599452,0.5172413793103449,0.5,0.5,0.25
XGBoost_grid_1_AutoML_1_20250818_202836_model_41,0.5,0.6931471805599452,0.5172413793103449,0.5,0.5,0.25
XGBoost_grid_1_AutoML_1_20250818_202836_model_73,0.5,0.6931471805599452,0.5172413793103449,0.5,0.5,0.25
XGBoost_grid_1_AutoML_1_20250818_202836_model_17,0.5,0.6931471805599452,0.5172413793103449,0.5,0.5,0.25
XGBoost_grid_1_AutoML_1_20250818_202836_model_119,0.5,0.6931471805599452,0.5172413793103449,0.5,0.5,0.25
XGBoost_grid_1_AutoML_1_20250818_202836_model_129,0.5,0.6931471805599452,0.5172413793103449,0.5,0.5,0.25
XGBoost_grid_1_AutoML_1_20250818_202836_model_28,0.5,0.6931471805599452,0.5172413793103449,0.5,0.5,0.25
XGBoost_grid_1_AutoML_1_20250818_202836_model_181,0.5,0.6931471805599452,0.5172413793103449,0.5,0.5,0.25
XGBoost_grid_1_AutoML_1_20250818_202836_model_190,0.5,0.6931471805599452,0.5172413793103449,0.5,0.5,0.25
XGBoost_grid_1_AutoML_1_20250818_202836_model_100,0.5,0.6931471805599452,0.5172413793103449,0.5,0.5,0.25
XGBoost_grid_1_AutoML_1_20250818_202836_model_127,0.5,0.6931471805599452,0.5172413793103449,0.5,0.5,0.25
XGBoost_grid_1_AutoML_1_20250818_202836_model_118,0.5,0.6931471805599452,0.5172413793103449,0.5,0.5,0.25
XGBoost_grid_1_AutoML_1_20250818_202836_model_158,0.5,0.6931471805599452,0.5172413793103449,0.5,0.5,0.25
XGBoost_grid_1_AutoML_1_20250818_202836_model_168,0.5,0.6931471805599452,0.5172413793103449,0.5,0.5,0.25
XGBoost_grid_1_AutoML_1_20250818_202836_model_98,0.5,0.6931471805599452,0.5172413793103449,0.5,0.5,0.25
XGBoost_grid_1_AutoML_1_20250818_202836_model_13,0.5,0.6931471805599452,0.5172413793103449,0.5,0.5,0.25
XGBoost_grid_1_AutoML_1_20250818_202836_model_142,0.5,0.6931471805599452,0.5172413793103449,0.5,0.5,0.25
XGBoost_grid_1_AutoML_1_20250818_202836_model_170,0.5,0.6931471805599452,0.5172413793103449,0.5,0.5,0.25
XGBoost_grid_1_AutoML_1_20250818_202836_model_84,0.5,0.6931471805599452,0.5172413793103449,0.5,0.5,0.25
XGBoost_grid_1_AutoML_1_20250818_202836_model_67,0.5,0.6931471805599452,0.5172413793103449,0.5,0.5,0.25
XGBoost_grid_1_AutoML_1_20250818_202836_model_154,0.5,0.6931471805599452,0.5172413793103449,0.5,0.5,0.25
XGBoost_grid_1_AutoML_1_20250818_202836_model_49,0.5,0.6931471805599452,0.5172413793103449,0.5,0.5,0.25
XGBoost_grid_1_AutoML_1_20250818_202836_model_162,0.5,0.6931471805599452,0.5172413793103449,0.5,0.5,0.25
XGBoost_grid_1_AutoML_1_20250818_202836_model_29,0.5,0.6931471805599452,0.5172413793103449,0.5,0.5,0.25
XGBoost_grid_1_AutoML_1_20250818_202836_model_111,0.5,0.6931471805599452,0.5172413793103449,0.5,0.5,0.25
XGBoost_grid_1_AutoML_1_20250818_202836_model_22,0.5,0.6931471805599452,0.5172413793103449,0.5,0.5,0.25
XGBoost_grid_1_AutoML_1_20250818_202836_model_58,0.5,0.6931471805599452,0.5172413793103449,0.5,0.5,0.25
XGBoost_grid_1_AutoML_1_20250818_202836_model_71,0.5,0.6931471805599452,0.5172413793103449,0.5,0.5,0.25
XGBoost_grid_1_AutoML_1_20250818_202836_model_83,0.5,0.6931471805599452,0.5172413793103449,0.5,0.5,0.25
XGBoost_grid_1_AutoML_1_20250818_202836_model_39,0.5,0.6931471805599452,0.5172413793103449,0.5,0.5,0.25
XGBoost_grid_1_AutoML_1_20250818_202836_model_91,0.5,0.6931471805599452,0.5172413793103449,0.5,0.5,0.25
XGBoost_grid_1_AutoML_1_20250818_202836_model_12,0.5,0.6931471805599452,0.5172413793103449,0.5,0.5,0.25
XGBoost_grid_1_AutoML_1_20250818_202836_model_176,0.5,0.6931471805599452,0.5172413793103449,0.5,0.5,0.25
XGBoost_grid_1_AutoML_1_20250818_202836_model_9,0.5,0.6931471805599452,0.5172413793103449,0.5,0.5,0.25
XGBoost_grid_1_AutoML_1_20250818_202836_model_24,0.5,0.6931471805599452,0.5172413793103449,0.5,0.5,0.25
XGBoost_grid_1_AutoML_1_20250818_202836_model_68,0.5,0.6931471805599452,0.5172413793103449,0.5,0.5,0.25
XGBoost_grid_1_AutoML_1_20250818_202836_model_4,0.5,0.6931471805599452,0.5172413793103449,0.5,0.5,0.25
XGBoost_grid_1_AutoML_1_20250818_202836_model_112,0.5,0.6931471805599452,0.5172413793103449,0.5,0.5,0.25
XGBoost_grid_1_AutoML_1_20250818_202836_model_26,0.5,0.6931471805599452,0.5172413793103449,0.5,0.5,0.25
XGBoost_grid_1_AutoML_1_20250818_202836_model_23,0.5,0.6931471805599452,0.5172413793103449,0.5,0.5,0.25
XGBoost_grid_1_AutoML_1_20250818_202836_model_61,0.5,0.6931471805599452,0.5172413793103449,0.5,0.5,0.25
XGBoost_grid_1_AutoML_1_20250818_202836_model_51,0.4428571428571429,0.6935388599832548,0.508647332251277,0.5,0.5001958004557202,0.2501958387935387
XGBoost_grid_1_AutoML_1_20250818_202836_model_167,0.4428571428571429,0.7012665569672393,0.508647332251277,0.5,0.504037099979047,0.2540533981552878
XGBoost_grid_1_AutoML_1_20250818_202836_model_138,0.4238095238095238,0.6963432184116207,0.4517005092112369,0.5,0.5015944384667588,0.251596980700783
XGBoost_grid_1_AutoML_1_20250818_202836_model_152,0.4238095238095238,0.69994438731152,0.4517005092112369,0.5,0.503378114059056,0.2533895257136519
XGBoost_grid_1_AutoML_1_20250818_202836_model_117,0.4238095238095238,0.6963432370341243,0.4517005092112369,0.5,0.5015944477308676,0.2515969899944341
XGBoost_grid_1_AutoML_1_20250818_202836_model_79,0.4238095238095238,0.69994438731152,0.4517005092112369,0.5,0.503378114059056,0.2533895257136519
XGBoost_grid_1_AutoML_1_20250818_202836_model_36,0.4238095238095238,0.6933049763166551,0.4517005092112369,0.5,0.5000788915175076,0.2500788977413792
XGBoost_grid_1_AutoML_1_20250818_202836_model_20,0.4142857142857142,0.711638943646492,0.4747992777854447,0.5,0.5091070818894862,0.259190020830028
XGBoost_grid_1_AutoML_1_20250818_202836_model_110,0.4142857142857142,0.7015492180143501,0.4747992777854447,0.5,0.5041666301119408,0.2541839909184306
XGBoost_grid_1_AutoML_1_20250818_202836_model_179,0.4047619047619048,0.6942841143855626,0.4464929412564281,0.5,0.5005681248574755,0.2505684476233291
XGBoost_grid_1_AutoML_1_20250818_202836_model_70,0.4047619047619048,0.6942267598725662,0.4431018455177824,0.5,0.500539485938176,0.2505397769832535
XGBoost_grid_1_AutoML_1_20250818_202836_model_144,0.4047619047619048,0.6998348993299109,0.4464929412564281,0.5,0.5033291741671309,0.2533402575677659
XGBoost_grid_1_AutoML_1_20250818_202836_model_194,0.3904761904761905,0.6937726301606433,0.4394307928314108,0.5,0.5003126246485646,0.2503127223827355
XGBoost_grid_1_AutoML_1_20250818_202836_model_125,0.3904761904761905,0.6993366422050996,0.4394307928314108,0.5,0.5030830615521924,0.253092566820727
XGBoost_grid_1_AutoML_1_20250818_202836_model_75,0.3904761904761905,0.69933749076434,0.4394307928314108,0.5,0.5030834823747476,0.253092990238303
XGBoost_grid_1_AutoML_1_20250818_202836_model_15,0.3904761904761905,0.7077446253286014,0.4387850387582912,0.5,0.5071623959631905,0.2572136958791239
XGBoost_grid_1_AutoML_1_20250818_202836_model_2,0.3904761904761905,0.7017016639211029,0.4387850387582912,0.5,0.5042494703187631,0.2542675283167531
XGBoost_grid_1_AutoML_1_20250818_202836_model_183,0.3904761904761905,0.6944791734465641,0.4387850387582912,0.5,0.500665535347732,0.250665978285031
XGBoost_grid_1_AutoML_1_20250818_202836_model_76,0.3857142857142858,0.7031089918718437,0.4362911010876699,0.5,0.5049490829569621,0.2549735763790769
XGBoost_grid_1_AutoML_1_20250818_202836_model_173,0.3857142857142858,0.6984962189230732,0.4362911010876699,0.5,0.502666107828838,0.252673215959793
XGBoost_grid_1_AutoML_1_20250818_202836_model_193,0.3857142857142858,0.7074776215039802,0.4362911010876699,0.5,0.5070755471132887,0.2571256104802411
XGBoost_grid_1_AutoML_1_20250818_202836_model_136,0.3857142857142858,0.6971071347536756,0.4362911010876699,0.5,0.5019753862476445,0.2519792883984719
XGBoost_grid_1_AutoML_1_20250818_202836_model_14,0.3857142857142858,0.703125783849915,0.4362911010876699,0.5,0.5049596714773368,0.2549842698184999
XGBoost_grid_1_AutoML_1_20250818_202836_model_153,0.3857142857142858,0.7165689635467378,0.4362911010876699,0.5,0.5115075124464448,0.2616399352891498
XGBoost_grid_1_AutoML_1_20250818_202836_model_6,0.3857142857142858,0.6965069539970444,0.4362911010876699,0.5,0.5016762570049603,0.2516790668425069
XGBoost_grid_1_AutoML_1_20250818_202836_model_192,0.3857142857142858,0.6956688147645971,0.4362911010876699,0.5,0.5012591334353262,0.2512607188523342
XGBoost_grid_1_AutoML_1_20250818_202836_model_150,0.3761904761904762,0.7137232715184711,0.4335048234818099,0.5,0.5099469176382748,0.2600458588087774
XGBoost_grid_1_AutoML_1_20250818_202836_model_172,0.3761904761904762,0.702760021964458,0.4335048234818099,0.5,0.5047789833831239,0.2548018220653
XGBoost_grid_1_AutoML_1_20250818_202836_model_161,0.3761904761904762,0.6974551412113208,0.4335048234818099,0.5,0.502148633282009,0.2521532499069895
XGBoost_grid_1_AutoML_1_20250818_202836_model_139,0.3761904761904762,0.7140207537419395,0.4335048234818099,0.5,0.5102880056172809,0.2603938486768621
XGBoost_grid_1_AutoML_1_20250818_202836_model_121,0.3761904761904762,0.7083062766056326,0.4335048234818099,0.5,0.5074899978802502,0.2575460979484963
XGBoost_grid_1_AutoML_1_20250818_202836_model_10,0.3761904761904762,0.7079016596211515,0.4335048234818099,0.5,0.5073052391987367,0.2573586057184874
XGBoost_grid_1_AutoML_1_20250818_202836_model_148,0.3761904761904762,0.7148672601601337,0.4335048234818099,0.5,0.5106926428612862,0.2608069754726453
XGBoost_grid_1_AutoML_1_20250818_202836_model_59,0.3761904761904762,0.7078995134822409,0.4335048234818099,0.5,0.5073041892230156,0.2573575404032212
XGBoost_grid_1_AutoML_1_20250818_202836_model_81,0.3761904761904762,0.7085939782042121,0.4335048234818099,0.5,0.5076413651038729,0.2576997555645236
XGBoost_grid_1_AutoML_1_20250818_202836_model_16,0.3761904761904762,0.7064596540081367,0.4335048234818099,0.5,0.5066004655892961,0.2566440317352915
XGBoost_grid_1_AutoML_1_20250818_202836_model_164,0.3761904761904762,0.6945686608784175,0.4335048234818099,0.5,0.5007101677264004,0.2507106720646
XGBoost_grid_1_AutoML_1_20250818_202836_model_185,0.3761904761904762,0.6977756184269068,0.4335048234818099,0.5,0.502308220215466,0.252313548096029
XGBoost_3_AutoML_1_20250818_202836,0.3761904761904762,0.7158267089602313,0.4335048234818099,0.5,0.5111590615830477,0.2612835862384619
XGBoost_grid_1_AutoML_1_20250818_202836_model_88,0.3761904761904762,0.7051873238787262,0.4335048234818099,0.5,0.5059696109262805,0.2560052471808916
XGBoost_grid_1_AutoML_1_20250818_202836_model_163,0.3761904761904762,0.7061767009117554,0.4335048234818099,0.5,0.5064593719794606,0.2565010954658295
XGBoost_grid_1_AutoML_1_20250818_202836_model_27,0.3761904761904762,0.7008201920463754,0.4335048234818099,0.5,0.5038183598199248,0.2538329396916393
XGBoost_grid_1_AutoML_1_20250818_202836_model_126,0.3761904761904762,0.7144234199378149,0.4335048234818099,0.5,0.5104638991904276,0.260573392376695
XGBoost_grid_1_AutoML_1_20250818_202836_model_171,0.3761904761904762,0.7061748429345998,0.4335048234818099,0.5,0.5064584603871861,0.256500172097759
XGBoost_grid_1_AutoML_1_20250818_202836_model_38,0.3761904761904762,0.7081135052906501,0.4335048234818099,0.5,0.507408960423059,0.2574638531176095
XGBoost_grid_1_AutoML_1_20250818_202836_model_141,0.3761904761904762,0.7059052656398614,0.4335048234818099,0.5,0.5063037803470297,0.2563435179936933
XGBoost_grid_1_AutoML_1_20250818_202836_model_174,0.3761904761904762,0.7073863984503923,0.4335048234818099,0.5,0.507036342702518,0.2570858528211452
XGBoost_grid_1_AutoML_1_20250818_202836_model_105,0.3761904761904762,0.7061767009117554,0.4335048234818099,0.5,0.5064593719794606,0.2565010954658295
XGBoost_grid_1_AutoML_1_20250818_202836_model_165,0.3761904761904762,0.7093620646289869,0.4335048234818099,0.5,0.5079972062179756,0.2580611615252684
XGBoost_grid_1_AutoML_1_20250818_202836_model_103,0.3761904761904762,0.7080778243998376,0.4335048234818099,0.5,0.5073914939632892,0.2574461281462985
XGBoost_grid_1_AutoML_1_20250818_202836_model_146,0.3761904761904762,0.6943471425216328,0.4335048234818099,0.5,0.5005995858499487,0.2505999453531402
XGBoost_grid_1_AutoML_1_20250818_202836_model_191,0.3761904761904762,0.7078995134822409,0.4335048234818099,0.5,0.5073041892230156,0.2573575404032212
XGBoost_grid_1_AutoML_1_20250818_202836_model_180,0.3761904761904762,0.7086759311426306,0.4335048234818099,0.5,0.5076506873094072,0.2577092203257136
XGBoost_grid_1_AutoML_1_20250818_202836_model_25,0.3761904761904762,0.6983525355510769,0.4335048234818099,0.5,0.5025950362525813,0.2526017704657334
XGBoost_grid_1_AutoML_1_20250818_202836_model_62,0.3761904761904762,0.6944970878376988,0.4335048234818099,0.5,0.5006744492652978,0.2506749041471093
XGBoost_grid_1_AutoML_1_20250818_202836_model_143,0.3761904761904762,0.714941380696634,0.4335048234818099,0.5,0.510726299223902,0.2608413527189427
XGBoost_grid_1_AutoML_1_20250818_202836_model_108,0.3761904761904762,0.7059027586261528,0.4335048234818099,0.5,0.5063107172069937,0.2563505423586604
XGBoost_grid_1_AutoML_1_20250818_202836_model_54,0.3761904761904762,0.6944636243351994,0.4335048234818099,0.5,0.5006577710181327,0.250658203680845
XGBoost_grid_1_AutoML_1_20250818_202836_model_1,0.3761904761904762,0.6990756556812178,0.4335048234818099,0.5,0.5029539656724333,0.2529626915856273
